slug,original_url,local
gunluk-kalori-ihtiyacimiz-ve-saglikli-kilo-vermealma-dengesi,http://www.meliszararsiz.com/wp-content/uploads/2017/07/hamburger1.jpg,/images/blog/hamburger1.jpg
gunluk-kalori-ihtiyacimiz-ve-saglikli-kilo-vermealma-dengesi,http://www.meliszararsiz.com/wp-content/uploads/2017/07/brokoli.jpg,/images/blog/brokoli.jpg
gunluk-kalori-ihtiyacimiz-ve-saglikli-kilo-vermealma-dengesi,http://www.meliszararsiz.com/wp-content/uploads/2017/07/brok1.jpg,/images/blog/brok1.jpg
16-gun-yollarda-ege-akdeniz,http://www.meliszararsiz.com/wp-content/uploads/2017/05/2017-05-25-PHOTO-00000042-300x225.jpg,/images/blog/2017-05-25-PHOTO-00000042-300x225.jpg
16-gun-yollarda-ege-akdeniz,http://www.meliszararsiz.com/wp-content/uploads/2017/05/cagrican-300x203.png,/images/blog/cagrican-300x203.png
16-gun-yollarda-ege-akdeniz,http://www.meliszararsiz.com/wp-content/uploads/2017/05/blog1-300x191.png,/images/blog/blog1-300x191.png
16-gun-yollarda-ege-akdeniz,http://www.meliszararsiz.com/wp-content/uploads/2017/05/kalkan-300x268.png,/images/blog/kalkan-300x268.png
16-gun-yollarda-ege-akdeniz,http://www.meliszararsiz.com/wp-content/uploads/2017/05/fethiye-291x300.png,/images/blog/fethiye-291x300.png
16-gun-yollarda-ege-akdeniz,http://www.meliszararsiz.com/wp-content/uploads/2017/05/meliszararsz-300x300.jpg,/images/blog/meliszararsz-300x300.jpg
16-gun-yollarda-ege-akdeniz,http://www.meliszararsiz.com/wp-content/uploads/2017/05/kavalti-300x206.png,/images/blog/kavalti-300x206.png
16-gun-yollarda-ege-akdeniz,http://www.meliszararsiz.com/wp-content/uploads/2017/05/kargi-295x300.png,/images/blog/kargi-295x300.png
16-gun-yollarda-ege-akdeniz,http://www.meliszararsiz.com/wp-content/uploads/2017/05/cadir-235x300.png,/images/blog/cadir-235x300.png
16-gun-yollarda-ege-akdeniz,http://www.meliszararsiz.com/wp-content/uploads/2017/05/mug1-245x300.png,/images/blog/mug1-245x300.png
16-gun-yollarda-ege-akdeniz,http://www.meliszararsiz.com/wp-content/uploads/2017/05/emir-272x300.png,/images/blog/emir-272x300.png
16-gun-yollarda-ege-akdeniz,http://www.meliszararsiz.com/wp-content/uploads/2017/05/zeren-300x292.png,/images/blog/zeren-300x292.png
16-gun-yollarda-ege-akdeniz,http://www.meliszararsiz.com/wp-content/uploads/2017/05/2017-05-25-PHOTO-00000073-225x300.jpg,/images/blog/2017-05-25-PHOTO-00000073-225x300.jpg
16-gun-yollarda-ege-akdeniz,http://www.meliszararsiz.com/wp-content/uploads/2017/05/datca1-287x300.png,/images/blog/datca1-287x300.png
16-gun-yollarda-ege-akdeniz,http://www.meliszararsiz.com/wp-content/uploads/2017/05/monica-300x225.jpg,/images/blog/monica-300x225.jpg
16-gun-yollarda-ege-akdeniz,http://www.meliszararsiz.com/wp-content/uploads/2017/05/palamurt-300x222.png,/images/blog/palamurt-300x222.png
16-gun-yollarda-ege-akdeniz,http://www.meliszararsiz.com/wp-content/uploads/2017/05/yesimm1-283x300.png,/images/blog/yesimm1-283x300.png
16-gun-yollarda-ege-akdeniz,http://www.meliszararsiz.com/wp-content/uploads/2017/05/cadir2-216x300.png,/images/blog/cadir2-216x300.png
buz-gibi-soguk-meyveli-cay-icen,http://www.meliszararsiz.com/wp-content/uploads/2017/06/IMG_5553-e1496587354753.jpg,/images/blog/IMG_5553-e1496587354753.jpg
buz-gibi-soguk-meyveli-cay-icen,http://www.meliszararsiz.com/wp-content/uploads/2017/06/IMG_5536-e1496587288293.jpg,/images/blog/IMG_5536-e1496587288293.jpg
buz-gibi-soguk-meyveli-cay-icen,http://www.meliszararsiz.com/wp-content/uploads/2017/06/IMG_5537-e1496587315809.jpg,/images/blog/IMG_5537-e1496587315809.jpg
buz-gibi-soguk-meyveli-cay-icen,http://www.meliszararsiz.com/wp-content/uploads/2017/06/IMG_5535-e1496587226560.jpg,/images/blog/IMG_5535-e1496587226560.jpg
buz-gibi-soguk-meyveli-cay-icen,http://www.meliszararsiz.com/wp-content/uploads/2017/06/icetea.jpg,/images/blog/icetea.jpg
buz-gibi-soguk-meyveli-cay-icen,http://www.meliszararsiz.com/wp-content/uploads/2017/06/IMG_5533-e1496587173100.jpg,/images/blog/IMG_5533-e1496587173100.jpg
bloguma-hosgeldin,http://www.meliszararsiz.com/wp-content/uploads/2017/05/keep-calm-and-live-a-healthy-lifestyle-9-257x300.png,/images/blog/keep-calm-and-live-a-healthy-lifestyle-9-257x300.png
fazla-kilolarimi-nasil-verdim-amac-kilo-vermek-mi-yoksa-saglikli-yasamak-mi,http://www.meliszararsiz.com/wp-content/uploads/2017/05/5kilo-283x300.png,/images/blog/5kilo-283x300.png
fazla-kilolarimi-nasil-verdim-amac-kilo-vermek-mi-yoksa-saglikli-yasamak-mi,http://www.meliszararsiz.com/wp-content/uploads/2017/05/kahvalti-300x290.png,/images/blog/kahvalti-300x290.png
fazla-kilolarimi-nasil-verdim-amac-kilo-vermek-mi-yoksa-saglikli-yasamak-mi,http://www.meliszararsiz.com/wp-content/uploads/2017/05/spor-300x300.png,/images/blog/spor-300x300.png
fazla-kilolarimi-nasil-verdim-amac-kilo-vermek-mi-yoksa-saglikli-yasamak-mi,http://www.meliszararsiz.com/wp-content/uploads/2017/05/food-300x288.png,/images/blog/food-300x288.png
fazla-kilolarimi-nasil-verdim-amac-kilo-vermek-mi-yoksa-saglikli-yasamak-mi,http://www.meliszararsiz.com/wp-content/uploads/2017/05/bicycle.jpg,/images/blog/bicycle.jpg
empatik-olmak-ne-demek-ki,http://www.meliszararsiz.com/wp-content/uploads/2017/05/inner-300x188.jpg,/images/blog/inner-300x188.jpg
meditasyon-hayatimda-nasil-bir-yer-kapliyor,http://www.meliszararsiz.com/wp-content/uploads/2017/05/melyoga.jpg,/images/blog/melyoga.jpg
meditasyon-hayatimda-nasil-bir-yer-kapliyor,http://www.meliszararsiz.com/wp-content/uploads/2017/05/medi2.jpg,/images/blog/medi2.jpg
meditasyon-hayatimda-nasil-bir-yer-kapliyor,http://www.meliszararsiz.com/wp-content/uploads/2017/05/meditasw.jpg,/images/blog/meditasw.jpg
meditasyon-hayatimda-nasil-bir-yer-kapliyor,http://www.meliszararsiz.com/wp-content/uploads/2017/05/13528589_10154250988529134_6806138344188687445_o.jpg,/images/blog/13528589_10154250988529134_6806138344188687445_o.jpg
meditasyon-hayatimda-nasil-bir-yer-kapliyor,http://www.meliszararsiz.com/wp-content/uploads/2017/05/medita.jpg,/images/blog/medita.jpg
tanrilar-okulu-bir-kitap-okudum-ve-hayatim-degisti,http://www.meliszararsiz.com/wp-content/uploads/2017/05/IMG_5444-1-e1496224005376.jpg,/images/blog/IMG_5444-1-e1496224005376.jpg
tanrilar-okulu-bir-kitap-okudum-ve-hayatim-degisti,http://www.meliszararsiz.com/wp-content/uploads/2017/05/IMG_5443-e1496224138113.jpg,/images/blog/IMG_5443-e1496224138113.jpg
yogaya-basliyorum,http://www.meliszararsiz.com/wp-content/uploads/2017/06/erol2.jpg,/images/blog/erol2.jpg
yogaya-basliyorum,http://www.meliszararsiz.com/wp-content/uploads/2017/06/erol.jpg,/images/blog/erol.jpg
yogaya-basliyorum,http://www.meliszararsiz.com/wp-content/uploads/2017/06/IMG_5632.jpg,/images/blog/IMG_5632.jpg
yogaya-basliyorum,http://www.meliszararsiz.com/wp-content/uploads/2017/06/datcayoga8.png,/images/blog/datcayoga8.png
yogaya-basliyorum,http://www.meliszararsiz.com/wp-content/uploads/2017/06/yogaa.jpg,/images/blog/yogaa.jpg
yogaya-basliyorum,http://www.meliszararsiz.com/wp-content/uploads/2017/06/yogaaaaa.jpg,/images/blog/yogaaaaa.jpg
yogaya-basliyorum,http://www.meliszararsiz.com/wp-content/uploads/2017/06/datcayoga5.png,/images/blog/datcayoga5.png
yogaya-basliyorum,http://www.meliszararsiz.com/wp-content/uploads/2017/06/IMG_5634-e1497090711626.jpg,/images/blog/IMG_5634-e1497090711626.jpg
yogaya-basliyorum,http://www.meliszararsiz.com/wp-content/uploads/2017/06/datcayoga13.png,/images/blog/datcayoga13.png
yogaya-basliyorum,http://www.meliszararsiz.com/wp-content/uploads/2017/06/IMG_5631.jpg,/images/blog/IMG_5631.jpg
yogaya-basliyorum,http://www.meliszararsiz.com/wp-content/uploads/2017/06/yoga3.jpg,/images/blog/yoga3.jpg
yogaya-basliyorum,http://www.meliszararsiz.com/wp-content/uploads/2017/06/datcayoga4.png,/images/blog/datcayoga4.png
saglikli-ve-hafif-bir-cheesecake-yaptim,http://www.meliszararsiz.com/wp-content/uploads/2017/06/cheesecake1.png,/images/blog/cheesecake1.png
saglikli-ve-hafif-bir-cheesecake-yaptim,http://www.meliszararsiz.com/wp-content/uploads/2017/06/IMG_5580.jpg,/images/blog/IMG_5580.jpg
saglikli-ve-hafif-bir-cheesecake-yaptim,http://www.meliszararsiz.com/wp-content/uploads/2017/06/IMG_5579-e1496757357204.jpg,/images/blog/IMG_5579-e1496757357204.jpg
bagirsak-bir-turlu,http://www.meliszararsiz.com/wp-content/uploads/2017/06/louisehay.jpg,/images/blog/louisehay.jpg
bagirsak-bir-turlu,http://www.meliszararsiz.com/wp-content/uploads/2017/06/yoldem.jpg,/images/blog/yoldem.jpg
bagirsak-bir-turlu,http://www.meliszararsiz.com/wp-content/uploads/2017/06/bagirsak.jpg,/images/blog/bagirsak.jpg
eger-kosuyorsan-kosucusun-o-zaman-if-you-run-you-are-a-runner,http://www.meliszararsiz.com/wp-content/uploads/2017/06/runner.png,/images/blog/runner.png
eger-kosuyorsan-kosucusun-o-zaman-if-you-run-you-are-a-runner,http://www.meliszararsiz.com/wp-content/uploads/2017/06/johnbingham.jpg,/images/blog/johnbingham.jpg
sekersiz-tarcinli-kakaolu-kek-yaptim,http://www.meliszararsiz.com/wp-content/uploads/2017/06/kekim.png,/images/blog/kekim.png
ic-piyasada-bulunan-ve-tuketilen-gidalara-guvenmiyoruz-peki-cozum-ne,http://www.meliszararsiz.com/wp-content/uploads/2017/07/ogleyemegi.png,/images/blog/ogleyemegi.png
ic-piyasada-bulunan-ve-tuketilen-gidalara-guvenmiyoruz-peki-cozum-ne,http://www.meliszararsiz.com/wp-content/uploads/2017/07/domat.png,/images/blog/domat.png
ic-piyasada-bulunan-ve-tuketilen-gidalara-guvenmiyoruz-peki-cozum-ne,http://www.meliszararsiz.com/wp-content/uploads/2017/07/kargiyemek.png,/images/blog/kargiyemek.png
yag-yakiminda-hiit-ve-ketojenik-beslenme,http://www.meliszararsiz.com/wp-content/uploads/2017/07/balık.png,/images/blog/balık.png
yag-yakiminda-hiit-ve-ketojenik-beslenme,http://www.meliszararsiz.com/wp-content/uploads/2017/07/FullSizeRender.jpg,/images/blog/FullSizeRender.jpg
yag-yakiminda-hiit-ve-ketojenik-beslenme,http://www.meliszararsiz.com/wp-content/uploads/2017/07/somon1.jpg,/images/blog/somon1.jpg
yag-yakiminda-hiit-ve-ketojenik-beslenme,http://www.meliszararsiz.com/wp-content/uploads/2017/07/brokoli.png,/images/blog/brokoli.png
yag-yakiminda-hiit-ve-ketojenik-beslenme,http://www.meliszararsiz.com/wp-content/uploads/2017/07/avocado.png,/images/blog/avocado.png
yag-yakiminda-hiit-ve-ketojenik-beslenme,http://www.meliszararsiz.com/wp-content/uploads/2017/07/spor.png,/images/blog/spor.png
yag-yakiminda-hiit-ve-ketojenik-beslenme,http://www.meliszararsiz.com/wp-content/uploads/2017/07/dumble.png,/images/blog/dumble.png
yag-yakiminda-hiit-ve-ketojenik-beslenme,http://www.meliszararsiz.com/wp-content/uploads/2017/07/19620205_10155021142211519_1264114093692325366_o.jpg,/images/blog/19620205_10155021142211519_1264114093692325366_o.jpg
yag-yakiminda-hiit-ve-ketojenik-beslenme,http://www.meliszararsiz.com/wp-content/uploads/2017/07/FullSizeRender-1.jpg,/images/blog/FullSizeRender-1.jpg
yag-yakiminda-hiit-ve-ketojenik-beslenme,http://www.meliszararsiz.com/wp-content/uploads/2017/07/zeytin.jpg,/images/blog/zeytin.jpg
yag-yakiminda-hiit-ve-ketojenik-beslenme,http://www.meliszararsiz.com/wp-content/uploads/2017/07/keto.jpg,/images/blog/keto.jpg
bu-haftasonu-assosta-nefes-yoga-kampinda-saglikli-beslenmeyi-konusacagiz,http://www.meliszararsiz.com/wp-content/uploads/2017/09/banumel-5.jpg,/images/blog/banumel-5.jpg
bu-haftasonu-assosta-nefes-yoga-kampinda-saglikli-beslenmeyi-konusacagiz,http://www.meliszararsiz.com/wp-content/uploads/2017/09/banumel2.png,/images/blog/banumel2.png
bu-haftasonu-assosta-nefes-yoga-kampinda-saglikli-beslenmeyi-konusacagiz,http://www.meliszararsiz.com/wp-content/uploads/2017/09/wellness.png,/images/blog/wellness.png
22-24-eylul-nefes-yoga-kampi-bilincli-beslenme-seminerinden,http://www.meliszararsiz.com/wp-content/uploads/2017/10/9O6A1881.jpg,/images/blog/9O6A1881.jpg
saglikli-yasam-koclugu-egitimi,http://www.meliszararsiz.com/wp-content/uploads/2017/11/int.png,/images/blog/int.png
sinema-yazari-bir-saglikli-yasam-kocundan-ilk-oneri-food-inc-gida-a-s,http://www.meliszararsiz.com/wp-content/uploads/2018/01/foodinc1.jpg,/images/blog/foodinc1.jpg
renkli-mi-renkli-leziz-mi-leziz-balkabagi-corbasi-tarifi,http://www.meliszararsiz.com/wp-content/uploads/2017/12/IMG_9255-e1512316288881.jpg,/images/blog/IMG_9255-e1512316288881.jpg
renkli-mi-renkli-leziz-mi-leziz-balkabagi-corbasi-tarifi,http://www.meliszararsiz.com/wp-content/uploads/2017/12/IMG_9243-e1512316142214.jpg,/images/blog/IMG_9243-e1512316142214.jpg
renkli-mi-renkli-leziz-mi-leziz-balkabagi-corbasi-tarifi,http://www.meliszararsiz.com/wp-content/uploads/2017/12/IMG_9245-e1512316202341.jpg,/images/blog/IMG_9245-e1512316202341.jpg
renkli-mi-renkli-leziz-mi-leziz-balkabagi-corbasi-tarifi,http://www.meliszararsiz.com/wp-content/uploads/2017/12/IMG_9252-e1512316268130.jpg,/images/blog/IMG_9252-e1512316268130.jpg
saglikli-yasam-ve-bilincli-beslenme-seminerinden-notlar,http://www.meliszararsiz.com/wp-content/uploads/2018/01/e9303e1f-2207-4f88-889c-0dab7c877333.jpg,/images/blog/e9303e1f-2207-4f88-889c-0dab7c877333.jpg
saglikli-yasam-ve-bilincli-beslenme-seminerinden-notlar,http://www.meliszararsiz.com/wp-content/uploads/2018/01/IMG_9939.jpg,/images/blog/IMG_9939.jpg
saglikli-yasam-ve-bilincli-beslenme-seminerinden-notlar,http://www.meliszararsiz.com/wp-content/uploads/2018/01/IMG_9937.jpg,/images/blog/IMG_9937.jpg
saglikli-yasam-ve-bilincli-beslenme-seminerinden-notlar,http://www.meliszararsiz.com/wp-content/uploads/2018/01/7e4b6adc-7600-434a-869c-abb8365b8af1.jpg,/images/blog/7e4b6adc-7600-434a-869c-abb8365b8af1.jpg
bu-kadar-diyet-arasindan-hangisi-en-dogrusu-yasam-kocu-melis-zararsiz-cevap-veriyor-hicbiri,http://www.meliszararsiz.com/wp-content/uploads/2017/12/9O6A2161.jpg,/images/blog/9O6A2161.jpg
simdi-ekmek-yiyor-muyuz-yoksa-yemiyor-muyuz-eksi-mayali-ekmek-ne-demek,http://www.meliszararsiz.com/wp-content/uploads/2017/12/ekmek.jpg,/images/blog/ekmek.jpg
simdi-ekmek-yiyor-muyuz-yoksa-yemiyor-muyuz-eksi-mayali-ekmek-ne-demek,http://www.meliszararsiz.com/wp-content/uploads/2017/12/halkekmek.png,/images/blog/halkekmek.png
simdi-ekmek-yiyor-muyuz-yoksa-yemiyor-muyuz-eksi-mayali-ekmek-ne-demek,http://www.meliszararsiz.com/wp-content/uploads/2017/12/240.png,/images/blog/240.png
dunya-sana-hediye-sunmaz-inan-bana-bir-yasam-istiyorsan-cal-onu,http://www.meliszararsiz.com/wp-content/uploads/2018/02/dc5729b7-3337-4f8b-b8f7-01d75811b1f8.jpg,/images/blog/dc5729b7-3337-4f8b-b8f7-01d75811b1f8.jpg
dunya-sana-hediye-sunmaz-inan-bana-bir-yasam-istiyorsan-cal-onu,http://www.meliszararsiz.com/wp-content/uploads/2018/02/e42583bd-b6f8-4905-80c5-11132220c5d6.jpg,/images/blog/e42583bd-b6f8-4905-80c5-11132220c5d6.jpg
dunya-sana-hediye-sunmaz-inan-bana-bir-yasam-istiyorsan-cal-onu,http://www.meliszararsiz.com/wp-content/uploads/2018/02/IMG_9818.jpg,/images/blog/IMG_9818.jpg
evde-kendi-badem-sutunu-hazirla,http://www.meliszararsiz.com/wp-content/uploads/2018/03/bademsut.jpg,/images/blog/bademsut.jpg
bu-yasadigim-tukenmislik-sendromu-mu,http://www.meliszararsiz.com/wp-content/uploads/2017/12/9O6A2244.jpg,/images/blog/9O6A2244.jpg
bu-yasadigim-tukenmislik-sendromu-mu,http://www.meliszararsiz.com/wp-content/uploads/2017/12/9O6A2258.jpg,/images/blog/9O6A2258.jpg
yeni-yilda-saglikli-ve-mutlu-olmak-icin-onerilerim,http://www.meliszararsiz.com/wp-content/uploads/2017/12/2018.jpg,/images/blog/2018.jpg
yeni-yilda-saglikli-ve-mutlu-olmak-icin-onerilerim,http://www.meliszararsiz.com/wp-content/uploads/2017/12/9O6A1955.jpg,/images/blog/9O6A1955.jpg
yeni-yilda-saglikli-ve-mutlu-olmak-icin-onerilerim,http://www.meliszararsiz.com/wp-content/uploads/2017/12/9O6A7706.jpg,/images/blog/9O6A7706.jpg
yeni-yilda-saglikli-ve-mutlu-olmak-icin-onerilerim,http://www.meliszararsiz.com/wp-content/uploads/2017/12/9O6A7747.jpg,/images/blog/9O6A7747.jpg
saglikli-yasam-ve-beslenmede-probiyotiklerin-onemi-semineri,http://www.meliszararsiz.com/wp-content/uploads/2018/02/DD828FA4-838B-4374-832C-757534219080.jpg,/images/blog/DD828FA4-838B-4374-832C-757534219080.jpg
bilincli-beslenme-beyin-bagirsak-iliskisi-ve-probiyotikler,http://www.meliszararsiz.com/wp-content/uploads/2018/02/27709435_10156073005184134_1082273411043515259_o.jpg,/images/blog/27709435_10156073005184134_1082273411043515259_o.jpg
izmirde-mutlu-kadinlar-atolyesinde-idik,http://www.meliszararsiz.com/wp-content/uploads/2018/04/e56c915d-a9c3-4dda-a415-88ce3115064d-1.jpg,/images/blog/e56c915d-a9c3-4dda-a415-88ce3115064d-1.jpg
izmirde-mutlu-kadinlar-atolyesinde-idik,http://www.meliszararsiz.com/wp-content/uploads/2018/04/IMG_1006.jpg,/images/blog/IMG_1006.jpg
izmirde-mutlu-kadinlar-atolyesinde-idik,http://www.meliszararsiz.com/wp-content/uploads/2018/04/IMG_0993-e1525036406535.jpg,/images/blog/IMG_0993-e1525036406535.jpg
21-gun-detoks-vegan-challenge,http://www.meliszararsiz.com/wp-content/uploads/2018/08/vegan.jpg,/images/blog/vegan.jpg
saglikli-kahvalti-saglikli-yasam-sohbetleri-ve-belgrad-yuruyusu,http://www.meliszararsiz.com/wp-content/uploads/2018/04/belgrad2.jpg,/images/blog/belgrad2.jpg
saglikli-kahvalti-saglikli-yasam-sohbetleri-ve-belgrad-yuruyusu,http://www.meliszararsiz.com/wp-content/uploads/2018/04/belgrad1.jpg,/images/blog/belgrad1.jpg
saglikli-kahvalti-saglikli-yasam-sohbetleri-ve-belgrad-yuruyusu,http://www.meliszararsiz.com/wp-content/uploads/2018/04/2018-04-12-VIDEO-00000082.mp4,/images/blog/2018-04-12-VIDEO-00000082.mp4
sevme-sanati-erich-fromm,http://www.meliszararsiz.com/wp-content/uploads/2018/08/fromm.jpg,/images/blog/fromm.jpg
sevme-sanati-erich-fromm,http://www.meliszararsiz.com/wp-content/uploads/2018/08/letter-clipart-love-letter-1.png,/images/blog/letter-clipart-love-letter-1.png
sevme-sanati-erich-fromm,http://www.meliszararsiz.com/wp-content/uploads/2018/08/love1.jpg,/images/blog/love1.jpg
bisiklete-binmeyi-ogreniyorum,http://www.meliszararsiz.com/wp-content/uploads/2018/08/2e213f29-21f9-4bc3-95a2-cce84d70d8e9.jpg,/images/blog/2e213f29-21f9-4bc3-95a2-cce84d70d8e9.jpg
bisiklete-binmeyi-ogreniyorum,http://www.meliszararsiz.com/wp-content/uploads/2018/08/699755bf-5f0b-41ec-a880-1dad0a2b9628.jpg,/images/blog/699755bf-5f0b-41ec-a880-1dad0a2b9628.jpg
bisiklete-binmeyi-ogreniyorum,http://www.meliszararsiz.com/wp-content/uploads/2018/08/24d86798-f8fb-4041-93a4-6555b4cd10e6.jpg,/images/blog/24d86798-f8fb-4041-93a4-6555b4cd10e6.jpg
bisiklete-binmeyi-ogreniyorum,http://www.meliszararsiz.com/wp-content/uploads/2018/08/e1b1a173-60eb-4d83-8983-fa439e2d16cd.jpg,/images/blog/e1b1a173-60eb-4d83-8983-fa439e2d16cd.jpg
21-gun-vegan-beslenme-ile-detoks-surecim-sona-erdi,http://www.meliszararsiz.com/wp-content/uploads/2018/08/food.jpg,/images/blog/food.jpg
2019-hos-gelsin,http://www.meliszararsiz.com/wp-content/uploads/2018/12/2019.png,/images/blog/2019.png
21-gun-unsuz-yasam,http://www.meliszararsiz.com/wp-content/uploads/2018/10/unsuz.jpg,/images/blog/unsuz.jpg
meditasyon-uygulayiciligi-ve-nefes-koclugu,http://www.meliszararsiz.com/wp-content/uploads/2017/04/44444024_240968889931138_2395648967191822336_n.jpg,/images/blog/44444024_240968889931138_2395648967191822336_n.jpg
meditasyon-uygulayiciligi-ve-nefes-koclugu,http://www.meliszararsiz.com/wp-content/uploads/2017/04/44324951_240968909931136_2186822181176999936_n.jpg,/images/blog/44324951_240968909931136_2186822181176999936_n.jpg
meditasyon-uygulayiciligi-ve-nefes-koclugu,http://www.meliszararsiz.com/wp-content/uploads/2017/04/44216969_240968943264466_568883691258904576_n.jpg,/images/blog/44216969_240968943264466_568883691258904576_n.jpg
vegan-beslenme-cok-revacta-peki-nasil-beslenmeliyiz,http://www.meliszararsiz.com/wp-content/uploads/2019/03/Screenshot_2019-03-08-15-09-42-048_com.instagram.android.jpg,/images/blog/Screenshot_2019-03-08-15-09-42-048_com.instagram.android.jpg
vegan-beslenme-cok-revacta-peki-nasil-beslenmeliyiz,http://www.meliszararsiz.com/wp-content/uploads/2019/03/Screenshot_2019-03-08-15-10-09-051_com.instagram.android.jpg,/images/blog/Screenshot_2019-03-08-15-10-09-051_com.instagram.android.jpg
vegan-beslenme-cok-revacta-peki-nasil-beslenmeliyiz,http://www.meliszararsiz.com/wp-content/uploads/2019/03/Screenshot_2019-03-08-15-09-21-891_com.instagram.android.jpg,/images/blog/Screenshot_2019-03-08-15-09-21-891_com.instagram.android.jpg
meditasyon-ve-iyi-bir-insan-olmak,http://www.meliszararsiz.com/wp-content/uploads/2019/03/9O6A2261.jpg,/images/blog/9O6A2261.jpg
meditasyon-ve-iyi-bir-insan-olmak,http://www.meliszararsiz.com/wp-content/uploads/2019/03/9O6A1942.jpg,/images/blog/9O6A1942.jpg
irade-nedir-sen-iradeli-biri-misin,http://www.meliszararsiz.com/wp-content/uploads/2019/05/irade1-768x1024.jpg,/images/blog/irade1-768x1024.jpg
zararsiz-yasam-ismi-nasil-dogdu,http://www.meliszararsiz.com/wp-content/uploads/2019/04/melislogopng-02.png,/images/blog/melislogopng-02.png
birlikte-meditasyon-yapalim-mi,http://www.meliszararsiz.com/wp-content/uploads/2019/05/WhatsApp-Image-2019-05-01-at-17.56.10-1024x517.jpeg,/images/blog/WhatsApp-Image-2019-05-01-at-17.56.10-1024x517.jpeg
birlikte-meditasyon-yapalim-mi,http://www.meliszararsiz.com/wp-content/uploads/2019/05/WhatsApp-Image-2019-04-25-at-23.31.03-1024x683.jpeg,/images/blog/WhatsApp-Image-2019-04-25-at-23.31.03-1024x683.jpeg
tanrilar-okulu-kitabi-neyi-anlatiyor-bir-de-video-ile-anlatayim-dedim,http://www.meliszararsiz.com/wp-content/uploads/2019/06/melsone.jpg,/images/blog/melsone.jpg
21-haziran-uluslararasi-yoga-gunu-video,http://www.meliszararsiz.com/wp-content/uploads/2017/09/banumel2.png,/images/blog/banumel2.png
eylulde-buyukada-adalar-kultur-derneginde-saglikli-beslenmeyi-konusacagiz,http://www.meliszararsiz.com/wp-content/uploads/2019/07/adalarkulturdernegi.jpg,/images/blog/adalarkulturdernegi.jpg
eylulde-buyukada-adalar-kultur-derneginde-saglikli-beslenmeyi-konusacagiz,http://www.meliszararsiz.com/wp-content/uploads/2019/07/dernekbeslenme.jpg,/images/blog/dernekbeslenme.jpg
surdurulebilir-yasam-ne-demek-gelin-filmler-yoluyla-biraz-daha-yakindan-bakalim,http://www.meliszararsiz.com/wp-content/uploads/2019/07/IMG_20190718_124644_041-819x1024.jpg,/images/blog/IMG_20190718_124644_041-819x1024.jpg
brene-brown-kirilganligin-gucunu-ve-cesaretle-olan-bagini-anlatiyor,http://www.meliszararsiz.com/wp-content/uploads/2019/09/IMG_7578-1024x683.jpg,/images/blog/IMG_7578-1024x683.jpg
brene-brown-kirilganligin-gucunu-ve-cesaretle-olan-bagini-anlatiyor,http://www.meliszararsiz.com/wp-content/uploads/2019/09/IMG_7598-1024x575.jpg,/images/blog/IMG_7598-1024x575.jpg
bilincli-ve-butuncul-beslenme-soylesisi,http://www.meliszararsiz.com/wp-content/uploads/2019/09/dernek.jpg,/images/blog/dernek.jpg
susamamla-ilgili-susamadim,http://www.meliszararsiz.com/wp-content/uploads/2019/09/susamam.jpg,/images/blog/susamam.jpg
dunya-vegan-gununde-vegan-dernegi-etkinligindeydik,http://www.meliszararsiz.com/wp-content/uploads/2019/11/V-Label-guncel-logo-vegan-1024x1024.jpg,/images/blog/V-Label-guncel-logo-vegan-1024x1024.jpg
dunya-vegan-gununde-vegan-dernegi-etkinligindeydik,http://www.meliszararsiz.com/wp-content/uploads/2019/11/IMG_20191103_171650-1024x768.jpg,/images/blog/IMG_20191103_171650-1024x768.jpg
dunya-vegan-gununde-vegan-dernegi-etkinligindeydik,http://www.meliszararsiz.com/wp-content/uploads/2019/11/IMG_20191103_112720-768x1024.jpg,/images/blog/IMG_20191103_112720-768x1024.jpg
dunya-vegan-gununde-vegan-dernegi-etkinligindeydik,http://www.meliszararsiz.com/wp-content/uploads/2019/11/IMG_20191103_113653-768x1024.jpg,/images/blog/IMG_20191103_113653-768x1024.jpg
dunya-vegan-gununde-vegan-dernegi-etkinligindeydik,http://www.meliszararsiz.com/wp-content/uploads/2019/11/IMG_20191103_111548-768x1024.jpg,/images/blog/IMG_20191103_111548-768x1024.jpg
dunya-vegan-gununde-vegan-dernegi-etkinligindeydik,http://www.meliszararsiz.com/wp-content/uploads/2019/11/IMG_20191103_113024-768x1024.jpg,/images/blog/IMG_20191103_113024-768x1024.jpg
dunya-vegan-gununde-vegan-dernegi-etkinligindeydik,http://www.meliszararsiz.com/wp-content/uploads/2019/11/IMG_20191103_171820-1024x768.jpg,/images/blog/IMG_20191103_171820-1024x768.jpg
dunya-vegan-gununde-vegan-dernegi-etkinligindeydik,http://www.meliszararsiz.com/wp-content/uploads/2019/11/IMG_20191104_215905-768x1024.jpg,/images/blog/IMG_20191104_215905-768x1024.jpg
dunya-vegan-gununde-vegan-dernegi-etkinligindeydik,http://www.meliszararsiz.com/wp-content/uploads/2019/11/LOGO-yesil1-1024x1024.jpg,/images/blog/LOGO-yesil1-1024x1024.jpg
dunya-vegan-gununde-vegan-dernegi-etkinligindeydik,http://www.meliszararsiz.com/wp-content/uploads/2019/11/gamechangers.jpg,/images/blog/gamechangers.jpg
dunya-vegan-gununde-vegan-dernegi-etkinligindeydik,http://www.meliszararsiz.com/wp-content/uploads/2019/11/IMG_20191103_172123-1024x768.jpg,/images/blog/IMG_20191103_172123-1024x768.jpg
dunya-vegan-gununde-vegan-dernegi-etkinligindeydik,http://www.meliszararsiz.com/wp-content/uploads/2019/11/IMG_20191103_172242-1024x768.jpg,/images/blog/IMG_20191103_172242-1024x768.jpg
nazik-bir-dikkat-mindfulness,http://www.meliszararsiz.com/wp-content/uploads/2019/12/HQDM9001-1024x683.jpg,/images/blog/HQDM9001-1024x683.jpg
diyet-rejim-demeden-kisa-yoldan-nasil-saglikli-besleniriz-peki-ya-hayvansal-gidalarin-tuketimi,http://www.meliszararsiz.com/wp-content/uploads/2019/12/IMG_5326-1024x575.jpg,/images/blog/IMG_5326-1024x575.jpg
yeni-yil-yeni-sen,http://www.meliszararsiz.com/wp-content/uploads/2019/12/medd.jpg,/images/blog/medd.jpg
yeni-yil-yeni-sen,http://www.meliszararsiz.com/wp-content/uploads/2019/12/medi1-1024x1024.jpeg,/images/blog/medi1-1024x1024.jpeg
yeni-yil-yeni-sen,http://www.meliszararsiz.com/wp-content/uploads/2019/12/20202.jpg,/images/blog/20202.jpg
buyukadada-meditasyon-dersleri-basliyor,http://www.meliszararsiz.com/wp-content/uploads/2020/01/meditasyonmelis-683x1024.jpeg,/images/blog/meditasyonmelis-683x1024.jpeg
buyukadada-meditasyon-dersleri-basliyor,http://www.meliszararsiz.com/wp-content/uploads/2020/01/melimedi5-1.jpg,/images/blog/melimedi5-1.jpg
farkindalik-ve-meditasyon-ilk-ders-saglikli-yasam-ve-meditasyon-iliskisi,http://www.meliszararsiz.com/wp-content/uploads/2020/01/mediders1.jpeg,/images/blog/mediders1.jpeg
farkindalik-ve-meditasyon-ilk-ders-saglikli-yasam-ve-meditasyon-iliskisi,http://www.meliszararsiz.com/wp-content/uploads/2020/01/med1.jpeg,/images/blog/med1.jpeg
farkindalik-ve-meditasyon-ikinci-ders-oz-sevgi-ve-meditasyon-iliskisi,http://www.meliszararsiz.com/wp-content/uploads/2020/01/medi26a.jpeg,/images/blog/medi26a.jpeg
farkindalik-ve-meditasyon-ikinci-ders-oz-sevgi-ve-meditasyon-iliskisi,http://www.meliszararsiz.com/wp-content/uploads/2020/01/medi26-1024x768.jpeg,/images/blog/medi26-1024x768.jpeg
strese-karsi-neden-ve-nasil-meditasyon,http://www.meliszararsiz.com/wp-content/uploads/2020/02/0202d.jpeg,/images/blog/0202d.jpeg
strese-karsi-neden-ve-nasil-meditasyon,http://www.meliszararsiz.com/wp-content/uploads/2020/02/0202b-768x1024.jpeg,/images/blog/0202b-768x1024.jpeg
korona-virusu-hakkinda-ne-dusunmeli-nasil-davranmaliyiz,http://www.meliszararsiz.com/wp-content/uploads/2020/03/anadolusaglik_corona.jpg,/images/blog/anadolusaglik_corona.jpg
korona-virusu-hakkinda-ne-dusunmeli-nasil-davranmaliyiz,http://www.meliszararsiz.com/wp-content/uploads/2020/03/coro1.jpg,/images/blog/coro1.jpg
duygular-mantralar-ve-meditasyon,http://www.meliszararsiz.com/wp-content/uploads/2020/02/medidersler-683x1024.jpeg,/images/blog/medidersler-683x1024.jpeg
duygular-mantralar-ve-meditasyon,http://www.meliszararsiz.com/wp-content/uploads/2020/02/medii.jpeg,/images/blog/medii.jpeg
instagram-canli-yayindayiz,http://www.meliszararsiz.com/wp-content/uploads/2020/04/instacanli.jpg,/images/blog/instacanli.jpg
saglikli-kurabiye-tarifi,http://www.meliszararsiz.com/wp-content/uploads/2020/03/images.png,/images/blog/images.png
beden-farkindaligi,http://www.meliszararsiz.com/wp-content/uploads/2020/03/alexander2-1024x347.jpg,/images/blog/alexander2-1024x347.jpg
coronanin-yin-yang-hali,http://www.meliszararsiz.com/wp-content/uploads/2020/03/yinyang.png,/images/blog/yinyang.png
korona-gunlerinde-internet,http://www.meliszararsiz.com/wp-content/uploads/2020/03/med2.jpg,/images/blog/med2.jpg
korona-gunlerinde-internet,http://www.meliszararsiz.com/wp-content/uploads/2020/03/coronaev.jpg,/images/blog/coronaev.jpg
korona-gunlerinde-internet,http://www.meliszararsiz.com/wp-content/uploads/2020/03/podcast1.jpg,/images/blog/podcast1.jpg
korona-gunlerinde-internet,http://www.meliszararsiz.com/wp-content/uploads/2020/03/chat.jpg,/images/blog/chat.jpg
belirsizlik-gunlerinde-meditasyon,http://www.meliszararsiz.com/wp-content/uploads/2020/04/9O6A2021.jpg,/images/blog/9O6A2021.jpg
iyi-haberlerim-var,http://www.meliszararsiz.com/wp-content/uploads/2020/05/m1.jpg,/images/blog/m1.jpg
sevgi-ve-sefkat-meditasyonu-mettabhavana,http://www.meliszararsiz.com/wp-content/uploads/2020/05/atcim.png,/images/blog/atcim.png
sevgi-ve-sefkat-meditasyonu-mettabhavana,http://www.meliszararsiz.com/wp-content/uploads/2020/05/medis.png,/images/blog/medis.png
olumlama-meditasyonu,http://www.meliszararsiz.com/wp-content/uploads/2020/05/9O6A7672-1024x682.jpg,/images/blog/9O6A7672-1024x682.jpg
instagram-canli-yayina-bekleriz,http://www.meliszararsiz.com/wp-content/uploads/2020/06/strd-576x1024.jpeg,/images/blog/strd-576x1024.jpeg
nefret-ediyorum,http://www.meliszararsiz.com/wp-content/uploads/2020/08/mls-1024x647.jpg,/images/blog/mls-1024x647.jpg
yedi-gun-inzivadaydim-inziva-nedir-vipassana-nedir,http://www.meliszararsiz.com/wp-content/uploads/2020/10/IMG_20200914_110131-1024x768.jpg,/images/blog/IMG_20200914_110131-1024x768.jpg
yedi-gun-inzivadaydim-inziva-nedir-vipassana-nedir,http://www.meliszararsiz.com/wp-content/uploads/2020/10/IMG_20200914_085913-1024x768.jpg,/images/blog/IMG_20200914_085913-1024x768.jpg
yedi-gun-inzivadaydim-inziva-nedir-vipassana-nedir,http://www.meliszararsiz.com/wp-content/uploads/2020/10/sss.jpg,/images/blog/sss.jpg
yedi-gun-inzivadaydim-inziva-nedir-vipassana-nedir,http://www.meliszararsiz.com/wp-content/uploads/2020/10/IMG_20200704_195914-768x1024.jpg,/images/blog/IMG_20200704_195914-768x1024.jpg
yedi-gun-inzivadaydim-inziva-nedir-vipassana-nedir,http://www.meliszararsiz.com/wp-content/uploads/2020/10/fff-1024x1024.jpg,/images/blog/fff-1024x1024.jpg
yedi-gun-inzivadaydim-inziva-nedir-vipassana-nedir,http://www.meliszararsiz.com/wp-content/uploads/2020/10/IMG_20200923_141808-768x1024.jpg,/images/blog/IMG_20200923_141808-768x1024.jpg
yedi-gun-inzivadaydim-inziva-nedir-vipassana-nedir,http://www.meliszararsiz.com/wp-content/uploads/2020/10/jjj.png,/images/blog/jjj.png
yedi-gun-inzivadaydim-inziva-nedir-vipassana-nedir,http://www.meliszararsiz.com/wp-content/uploads/2020/10/vpsn.jpg,/images/blog/vpsn.jpg
yedi-gun-inzivadaydim-inziva-nedir-vipassana-nedir,http://www.meliszararsiz.com/wp-content/uploads/2020/10/IMG_20200915_211551_696-1024x1024.jpg,/images/blog/IMG_20200915_211551_696-1024x1024.jpg
2020yi-ugurlarken,http://www.meliszararsiz.com/wp-content/uploads/2020/12/m2-1024x1010.jpg,/images/blog/m2-1024x1010.jpg
2020yi-ugurlarken,http://www.meliszararsiz.com/wp-content/uploads/2020/12/m1-1024x1024.jpg,/images/blog/m1-1024x1024.jpg
bugday-bezen-ve-melis-gururla-sunar-atolye-mudita,http://www.meliszararsiz.com/wp-content/uploads/2021/04/bezenmelo-1024x576.jpeg,/images/blog/bezenmelo-1024x576.jpeg
bugday-bezen-ve-melis-gururla-sunar-atolye-mudita,http://www.meliszararsiz.com/wp-content/uploads/2021/04/goznuru34-1024x1024.jpeg,/images/blog/goznuru34-1024x1024.jpeg
pandemi-surecini-nasil-atlatiyorsun,http://www.meliszararsiz.com/wp-content/uploads/2021/05/mask.jpg,/images/blog/mask.jpg
pandemi-surecini-nasil-atlatiyorsun,http://www.meliszararsiz.com/wp-content/uploads/2021/05/IMG_20210414_200531_023.jpg,/images/blog/IMG_20210414_200531_023.jpg
dunya-yoga-gunu-2021,http://www.meliszararsiz.com/wp-content/uploads/2021/06/dunyayogagunu-725x1024.jpeg,/images/blog/dunyayogagunu-725x1024.jpeg
tolerans-pencerende-misin,http://www.meliszararsiz.com/wp-content/uploads/2021/06/4636633238.jpg,/images/blog/4636633238.jpg
turkiye-kocluk-gununde-instagram-canli-yayindayim,http://www.meliszararsiz.com/wp-content/uploads/2021/06/kocluk-1024x1002.jpeg,/images/blog/kocluk-1024x1002.jpeg
trt-radyo-1-gecenin-icinden-programina-konuk-oldum,http://www.meliszararsiz.com/wp-content/uploads/2021/11/geceninicinden1-1024x512.jpg,/images/blog/geceninicinden1-1024x512.jpg
acidan-kacmak,https://www.meliszararsiz.com/wp-content/uploads/2026/06/blog-1024x683.jpeg,/images/blog/blog-1024x683.jpeg
goztepe-yoga-sutrada-meditasyon-icin-bulusalim,https://www.meliszararsiz.com/wp-content/uploads/2022/06/yogass.png,/images/blog/yogass.png
goztepe-yoga-sutrada-meditasyon-icin-bulusalim,https://www.meliszararsiz.com/wp-content/uploads/2022/06/yogasutra.png,/images/blog/yogasutra.png
goztepe-yoga-sutrada-meditasyon-icin-bulusalim,https://www.meliszararsiz.com/wp-content/uploads/2022/06/ders.png,/images/blog/ders.png
elcin-oflaz-ile-detoks-programinda-yin-yoga,https://www.meliszararsiz.com/wp-content/uploads/2022/06/elcin-1024x760.jpeg,/images/blog/elcin-1024x760.jpeg
yazmak-iyi-gelir,http://www.meliszararsiz.com/wp-content/uploads/2022/09/9O6A7604-1024x683.jpg,/images/blog/9O6A7604-1024x683.jpg
bir-fotograf-bir-yazi,http://www.meliszararsiz.com/wp-content/uploads/2022/09/kuzguncukfotoson-1024x615.jpeg,/images/blog/kuzguncukfotoson-1024x615.jpeg
esinti,http://www.meliszararsiz.com/wp-content/uploads/2022/09/pexels-cottonbro-5590958-683x1024.jpg,/images/blog/pexels-cottonbro-5590958-683x1024.jpg
mindfulness-temelli-kocluk,http://www.meliszararsiz.com/wp-content/uploads/2022/09/kocluksertifika-1-1024x722.png,/images/blog/kocluksertifika-1-1024x722.png
mindfulness-temelli-kocluk,http://www.meliszararsiz.com/wp-content/uploads/2022/09/9O6A7706-1024x683.jpg,/images/blog/9O6A7706-1024x683.jpg
kabuk-the-book,https://www.meliszararsiz.com/wp-content/uploads/2023/01/9O6A7560-1024x683.jpg,/images/blog/9O6A7560-1024x683.jpg
cok-fazla-secenek-cagi,http://www.meliszararsiz.com/wp-content/uploads/2023/02/manicserenity-823x1024.jpg,/images/blog/manicserenity-823x1024.jpg
yoga-egitmeni-olmak,https://www.meliszararsiz.com/wp-content/uploads/2024/02/sertfkopyalanamaz.jpg,/images/blog/sertfkopyalanamaz.jpg
buyukadada-bir-gun-ice-donus-ve-bir-metnin-derinlikleri,https://www.meliszararsiz.com/wp-content/uploads/2026/04/adada1-771x1024.jpeg,/images/blog/adada1-771x1024.jpeg
buyukadada-bir-gun-ice-donus-ve-bir-metnin-derinlikleri,https://www.meliszararsiz.com/wp-content/uploads/2026/04/adada3-771x1024.jpeg,/images/blog/adada3-771x1024.jpeg
